Keyword,Title
"Quick Healthy Spring Meals","15-Minute Lemon Garlic Asparagus and Pea Stir-Fry"
"Quick Healthy Spring Meals","Easy Spinach and Strawberry Salad with Lemon Vinaigrette"
"Quick Healthy Spring Meals","Quick Lamb and Artichoke Skillet with Fresh Herbs"
"Quick Healthy Spring Meals","Healthy Radish and Pea Spring Rolls with Mint Sauce"
"Quick Healthy Spring Meals","One-Pan Roasted Lamb with Asparagus and Lemon"
"Quick Healthy Spring Meals","Fresh Spinach and Strawberry Smoothie Bowl for Spring"
"Quick Healthy Spring Meals","Easy Lemon and Herb Marinated Lamb Chops with Peas"
"Quick Healthy Spring Meals","Spring Spinach and Artichoke Stuffed Chicken Breasts"
"Quick Healthy Spring Meals","Quick Roasted Radish and Asparagus Salad with Lemon Dressing"
"Quick Healthy Spring Meals","Healthy Strawberry and Spinach Salad with Toasted Almonds"
